periodo,tipo,tarifa_promedio_usd
2024-01-01,green,16.63
2024-01-01,yellow,18.49
2024-02-01,green,16.83
2024-02-01,yellow,18.42
2024-03-01,green,17.06
2024-03-01,yellow,19.15
2024-04-01,green,17.33
2024-04-01,yellow,19.45
2024-05-01,green,18.38
2024-05-01,yellow,20.15
2024-06-01,green,18.69
2024-06-01,yellow,19.95
2024-07-01,green,18.53
2024-07-01,yellow,20.15
2024-08-01,green,19.72
2024-08-01,yellow,20.37
2024-09-01,green,20.24
2024-09-01,yellow,20.65
2024-10-01,green,18.82
2024-10-01,yellow,20.37
2024-11-01,green,18.02
2024-11-01,yellow,19.74
2024-12-01,green,17.88
2024-12-01,yellow,20.39
2025-01-01,green,16.56
2025-01-01,yellow,17.95
2025-02-01,green,16.64
2025-02-01,yellow,18.03
2025-03-01,green,17.58
2025-03-01,yellow,19.17
2025-04-01,green,17.96
2025-04-01,yellow,19.31
2025-05-01,green,18.67
2025-05-01,yellow,20.39
2025-06-01,green,18.78
2025-06-01,yellow,20.76
2025-07-01,green,17.99
2025-07-01,yellow,20.42
2025-08-01,green,19.89
2025-08-01,yellow,20.24
2025-09-01,green,19.43
2025-09-01,yellow,20.92
2025-10-01,green,18.15
2025-10-01,yellow,20.29
2025-11-01,green,17.33
2025-11-01,yellow,19.56
2025-12-01,green,17.07
2025-12-01,yellow,22.51
2026-01-01,green,16.2
2026-01-01,yellow,21.08
2026-02-01,green,16.45
2026-02-01,yellow,21.8
2026-03-01,green,16.36
2026-03-01,yellow,21.36
2026-04-01,green,16.89
2026-04-01,yellow,21.09
2026-05-01,green,17.8
2026-05-01,yellow,21.47
2026-06-01,green,17.47
2026-06-01,yellow,21.4
2026-07-01,green,17.64
2026-07-01,yellow,21.06
2026-08-01,green,18.4
2026-08-01,yellow,21.12
