hora,tipo,pct_viajes
0,green,1.72
0,yellow,3.07
1,green,1.16
1,yellow,2.02
2,green,0.83
2,yellow,1.33
3,green,0.65
3,yellow,0.91
4,green,0.61
4,yellow,0.71
5,green,0.68
5,yellow,0.77
6,green,1.75
6,yellow,1.55
7,green,3.81
7,yellow,2.84
8,green,4.93
8,yellow,3.86
9,green,5.33
9,yellow,4.14
10,green,5.29
10,yellow,4.33
11,green,5.28
11,yellow,4.67
12,green,5.61
12,yellow,5.09
13,green,5.63
13,yellow,5.32
14,green,6.34
14,yellow,5.72
15,green,6.89
15,yellow,5.93
16,green,7.49
16,yellow,6.08
17,green,7.99
17,yellow,6.77
18,green,7.58
18,yellow,7.12
19,green,5.92
19,yellow,6.28
20,green,4.55
20,yellow,5.76
21,green,3.98
21,yellow,5.91
22,green,3.38
22,yellow,5.51
23,green,2.61
23,yellow,4.34
