hora,anio,velocidad_mph
0,2024,11.57
0,2025,11.68
0,2026,11.48
1,2024,12.03
1,2025,12.15
1,2026,12.04
2,2024,12.58
2,2025,12.73
2,2026,12.69
3,2024,13.35
3,2025,13.58
3,2026,13.48
4,2024,14.46
4,2025,14.69
4,2026,14.67
5,2024,14.59
5,2025,15.05
5,2026,15.21
6,2024,13.56
6,2025,13.82
6,2026,13.91
7,2024,11.27
7,2025,11.46
7,2026,11.48
8,2024,9.52
8,2025,9.71
8,2026,9.67
9,2024,9.07
9,2025,9.19
9,2026,9.06
10,2024,8.71
10,2025,8.76
10,2026,8.64
11,2024,8.21
11,2025,8.27
11,2026,8.15
12,2024,8.06
12,2025,8.14
12,2026,8.02
13,2024,8.05
13,2025,8.11
13,2026,8.02
14,2024,7.89
14,2025,8.0
14,2026,7.9
15,2024,7.82
15,2025,7.87
15,2026,7.73
16,2024,7.96
16,2025,7.97
16,2026,7.78
17,2024,8.04
17,2025,8.05
17,2026,7.89
18,2024,8.42
18,2025,8.4
18,2026,8.25
19,2024,9.06
19,2025,8.97
19,2026,8.79
20,2024,9.78
20,2025,9.88
20,2026,9.76
21,2024,10.2
21,2025,10.24
21,2026,10.06
22,2024,10.49
22,2025,10.5
22,2026,10.33
23,2024,11.0
23,2025,11.1
23,2026,10.86
