periodo,tipo,pct_invalidos
2024-01-01,green,5.4
2024-01-01,yellow,3.21
2024-02-01,green,5.58
2024-02-01,yellow,3.53
2024-03-01,green,5.53
2024-03-01,yellow,3.99
2024-04-01,green,5.94
2024-04-01,yellow,2.86
2024-05-01,green,5.41
2024-05-01,yellow,2.89
2024-06-01,green,5.25
2024-06-01,yellow,3.14
2024-07-01,green,6.05
2024-07-01,yellow,3.36
2024-08-01,green,5.53
2024-08-01,yellow,3.76
2024-09-01,green,5.44
2024-09-01,yellow,4.12
2024-10-01,green,4.89
2024-10-01,yellow,3.97
2024-11-01,green,5.51
2024-11-01,yellow,3.75
2024-12-01,green,5.83
2024-12-01,yellow,4.09
2025-01-01,green,5.83
2025-01-01,yellow,6.41
2025-02-01,green,5.92
2025-02-01,yellow,7.59
2025-03-01,green,6.3
2025-03-01,yellow,7.68
2025-04-01,green,6.53
2025-04-01,yellow,7.52
2025-05-01,green,5.88
2025-05-01,yellow,10.88
2025-06-01,green,4.65
2025-06-01,yellow,10.49
2025-07-01,green,3.81
2025-07-01,yellow,10.37
2025-08-01,green,3.98
2025-08-01,yellow,11.01
2025-09-01,green,3.79
2025-09-01,yellow,9.71
2025-10-01,green,4.18
2025-10-01,yellow,10.95
2025-11-01,green,4.4
2025-11-01,yellow,12.86
2025-12-01,green,4.62
2025-12-01,yellow,5.93
2026-01-01,green,4.71
2026-01-01,yellow,5.59
2026-02-01,green,5.31
2026-02-01,yellow,5.58
2026-03-01,green,4.98
2026-03-01,yellow,4.81
2026-04-01,green,5.24
2026-04-01,yellow,4.11
2026-05-01,green,4.87
2026-05-01,yellow,4.38
2026-06-01,green,5.21
2026-06-01,yellow,4.99
2026-07-01,green,5.78
2026-07-01,yellow,5.22
2026-08-01,green,5.88
2026-08-01,yellow,5.2
