query_id,description,dataset,years,rows,parquet_seconds,table_seconds,difference_seconds,speedup,same_result
materializacion,Costo unico de CREATE TABLE trips a partir de los Parquet,2024,1,41829938,,3.043,,,
q1_conteo,Conteo total de viajes (recorre una sola columna de metadatos),2024,1,41829938,0.0071,0.0017,0.0054,4.2,True
q2_viajes_por_mes,"Viajes por tipo de taxi, anio y mes",2024,1,41829938,0.0206,0.0433,-0.0226,0.48,True
q3_promedios,"Distancia, tarifa y propina promedio por tipo de taxi (viajes validos)",2024,1,41829938,0.1193,0.0906,0.0287,1.32,True
q4_actividad_por_hora,Viajes e ingreso total por hora del dia,2024,1,41829938,0.159,0.0504,0.1086,3.15,True
q5_formas_de_pago,Viajes y propina promedio por forma de pago,2024,1,41829938,0.0842,0.0296,0.0546,2.84,True
q6_zonas_origen,Las 10 zonas de origen con mas viajes,2024,1,41829938,0.0706,0.0161,0.0544,4.38,True
q7_percentiles,Percentiles de la tarifa por tipo de taxi (viajes validos),2024,1,41829938,1.158,1.1149,0.0431,1.04,True
q8_atipicos,Viajes atipicos: distancia > 100 millas o duracion invalida,2024,1,41829938,0.2591,0.071,0.1881,3.65,True
q9_consulta_selectiva,Viajes yellow de enero con pago en efectivo y mas de 20 millas,2024,1,41829938,0.0195,0.0016,0.0179,12.47,True
materializacion,Costo unico de CREATE TABLE trips a partir de los Parquet,2024+2025,2,91143915,,6.0515,,,
q1_conteo,Conteo total de viajes (recorre una sola columna de metadatos),2024+2025,2,91143915,0.0122,0.0039,0.0083,3.13,True
q2_viajes_por_mes,"Viajes por tipo de taxi, anio y mes",2024+2025,2,91143915,0.0385,0.0821,-0.0435,0.47,True
q3_promedios,"Distancia, tarifa y propina promedio por tipo de taxi (viajes validos)",2024+2025,2,91143915,0.2319,0.1978,0.0341,1.17,True
q4_actividad_por_hora,Viajes e ingreso total por hora del dia,2024+2025,2,91143915,0.3072,0.0881,0.2191,3.49,True
q5_formas_de_pago,Viajes y propina promedio por forma de pago,2024+2025,2,91143915,0.1545,0.0585,0.096,2.64,True
q6_zonas_origen,Las 10 zonas de origen con mas viajes,2024+2025,2,91143915,0.1316,0.0331,0.0984,3.97,True
q7_percentiles,Percentiles de la tarifa por tipo de taxi (viajes validos),2024+2025,2,91143915,2.6692,2.5389,0.1302,1.05,True
q8_atipicos,Viajes atipicos: distancia > 100 millas o duracion invalida,2024+2025,2,91143915,0.5489,0.1551,0.3938,3.54,True
q9_consulta_selectiva,Viajes yellow de enero con pago en efectivo y mas de 20 millas,2024+2025,2,91143915,0.0233,0.0027,0.0206,8.58,True
materializacion,Costo unico de CREATE TABLE trips a partir de los Parquet,2024+2025+2026,3,121184384,,7.8069,,,
q1_conteo,Conteo total de viajes (recorre una sola columna de metadatos),2024+2025+2026,3,121184384,0.0159,0.0024,0.0135,6.63,True
q2_viajes_por_mes,"Viajes por tipo de taxi, anio y mes",2024+2025+2026,3,121184384,0.0517,0.1036,-0.0519,0.5,True
q3_promedios,"Distancia, tarifa y propina promedio por tipo de taxi (viajes validos)",2024+2025+2026,3,121184384,0.3109,0.2596,0.0513,1.2,True
q4_actividad_por_hora,Viajes e ingreso total por hora del dia,2024+2025+2026,3,121184384,0.4418,0.1222,0.3195,3.61,True
q5_formas_de_pago,Viajes y propina promedio por forma de pago,2024+2025+2026,3,121184384,0.2039,0.0875,0.1164,2.33,True
q6_zonas_origen,Las 10 zonas de origen con mas viajes,2024+2025+2026,3,121184384,0.1823,0.0462,0.1362,3.95,True
q7_percentiles,Percentiles de la tarifa por tipo de taxi (viajes validos),2024+2025+2026,3,121184384,3.3472,3.4619,-0.1147,0.97,True
q8_atipicos,Viajes atipicos: distancia > 100 millas o duracion invalida,2024+2025+2026,3,121184384,0.7226,0.2231,0.4995,3.24,True
q9_consulta_selectiva,Viajes yellow de enero con pago en efectivo y mas de 20 millas,2024+2025+2026,3,121184384,0.0299,0.0043,0.0256,7.0,True
